state_name,state_abb,state_fips,total_rate_change,total_p025,total_p975,total_qval,total_significant,behavioral_risk_factors,behavioral_p025,behavioral_p975,behavioral_qval,behavioral_significant
Alabama,AL,1,-0.8167178432556774,-2.8085145986953743,1.157774364423796,0.6383090130940217,FALSE,-1.1227616987846951,-2.7131030259500304,0.4360196885103624,0.32181752729890806,FALSE
Alaska,AK,2,-0.07357122723054488,-4.0033471193310595,3.9902644990363783,0.9678012879484821,FALSE,0.5006673158181649,-2.2893974619299162,3.7210320464243716,0.7996480140794369,FALSE
Arizona,AZ,4,-0.17833402010612076,-1.8374219404208223,1.448455280691556,0.9016439342426302,FALSE,0.25538694992967154,-1.0077438965840078,1.4913695360217936,0.7904910470247857,FALSE
Arkansas,AR,5,-3.3369364634927265,-6.16828947525574,-0.5736112406498097,0.07469239691950783,FALSE,-1.309601055696737,-3.407472967367078,0.7703251976451538,0.39616622231662457,FALSE
California,CA,6,-1.6998843365944438,-2.2981448111787453,-1.0988061740671315,8.159673613055477e-4,TRUE,-1.3016686714763888,-1.73043770563643,-0.8710012943748051,8.159673613055477e-4,TRUE
Colorado,CO,8,-0.3197638569056789,-1.8314956988157851,1.204393137911691,0.81091613478318,FALSE,-0.6668188061029506,-1.810815698211426,0.49206410105557574,0.4100235990560377,FALSE
Connecticut,CT,9,0.0339677313519573,-1.6460350687562126,1.7093218715718952,0.9678012879484821,FALSE,-0.39162223884936653,-1.7401844793937744,0.9295117495462695,0.7201409504595426,FALSE
Delaware,DE,10,-1.553372174665535,-5.725351644188201,2.4177788805568086,0.6446142154313828,FALSE,-0.5488735150506494,-3.7648794032770545,2.3354936891571607,0.7996480140794369,FALSE
District of Columbia,DC,11,0.5665674122987907,-2.587280727535349,4.061376202228196,0.8862115080614167,FALSE,0.25805788531702173,-1.8310105604862992,2.9500521104794766,0.9002567897284108,FALSE
Florida,FL,12,-3.7092390236104418,-4.65955763341687,-2.747221070387589,8.159673613055477e-4,TRUE,-2.508216773640003,-3.2056073000171446,-1.8072875595078657,8.159673613055477e-4,TRUE
Georgia,GA,13,-4.214113870515845,-5.623366231995366,-2.829028339927815,8.159673613055477e-4,TRUE,-2.249905491452137,-3.3256023158082546,-1.2051627644093883,8.159673613055477e-4,TRUE
Hawaii,HI,15,0.5571609151408357,-1.792398724132645,2.8384130533582157,0.8089584108943335,FALSE,-0.4406950616423879,-2.185882526427932,1.1732405755748843,0.7374790722656807,FALSE
Idaho,ID,16,-2.4414774586339103,-5.427182451456391,0.3781659889423832,0.24264292586191288,FALSE,-1.1963957566734704,-3.5311683781934535,0.9110942388594022,0.4100235990560377,FALSE
Illinois,IL,17,-1.2430971293379773,-2.2979204181854556,-0.2117815011932122,0.07469239691950783,FALSE,-1.668108860681265,-2.474452831940802,-0.8712441774191291,0.0010199592016319346,TRUE
Indiana,IN,18,-1.6581970974084825,-3.202843836145798,-0.15710033231325032,0.10009199632014719,FALSE,-1.5135813655327077,-2.6509915653400817,-0.4066362524713198,0.028558857645694172,TRUE
Iowa,IA,19,-0.14721362768087687,-2.1228767476609787,1.8108114724929312,0.9167976138097333,FALSE,-0.38935534789412407,-1.796351373736942,1.022691275745264,0.7201409504595426,FALSE
Kansas,KS,20,-2.984080245380806,-5.4203972264966325,-0.6038883086980092,0.06787364869041602,FALSE,-1.3487519893475033,-3.2529634385231594,0.5097206116112231,0.32181752729890806,FALSE
Kentucky,KY,21,-2.4724644093480883,-4.417328009502818,-0.4914340657676199,0.06787364869041602,FALSE,-2.6522376193465154,-4.109319424377132,-1.2009261896799306,0.002855885764569417,TRUE
Louisiana,LA,22,-4.625254985853797,-6.74595348701914,-2.527315032963962,8.159673613055477e-4,TRUE,-3.499189804866028,-5.148853713496156,-1.8809535959945909,0.0010199592016319346,TRUE
Maine,ME,23,1.5022056181145782,-1.6900517828394654,4.722525519185556,0.6383090130940217,FALSE,1.2992727269510593,-1.0254604894588262,3.614776660995666,0.4100235990560377,FALSE
Maryland,MD,24,0.1175674249771621,-1.1738454464536543,1.4147517353330243,0.9158383664653413,FALSE,-0.9702346275629646,-1.8752444841048983,-0.06923092363794502,0.09995600175992961,FALSE
Massachusetts,MA,25,-0.8128389987824995,-1.8299323278839426,0.17758624551144564,0.2792648294068237,FALSE,-0.7355522662328148,-1.417156530045577,-0.06842962315429574,0.09023639054437822,FALSE
Michigan,MI,26,-0.4952653009597139,-1.6163292397485307,0.6359691558255085,0.6383090130940217,FALSE,-0.4343501116124383,-1.2110398822083457,0.34315700133095894,0.4100235990560377,FALSE
Minnesota,MN,27,-0.2996066453758459,-1.6178020860013465,1.0201571304542218,0.81091613478318,FALSE,-0.5575648450810022,-1.48792324793292,0.38484797351576067,0.4100235990560377,FALSE
Mississippi,MS,28,-0.4049461562632608,-3.494538239202158,2.6844010919249435,0.8862115080614167,FALSE,-0.3245757341907187,-2.4661287410869277,1.7670441478836012,0.7996480140794369,FALSE
Missouri,MO,29,-1.172015769185272,-2.81520619743903,0.48949926855937087,0.36378544858205675,FALSE,-1.8174242637930162,-3.1439453785890588,-0.4897926685034259,0.028558857645694172,TRUE
Montana,MT,30,-3.4850670963943173,-8.345698863260633,1.1558916707243982,0.33028133420117745,FALSE,-3.2191299155271773,-7.275704076387562,0.7112952124976151,0.2560583290954076,FALSE
Nebraska,NE,31,1.2663305980336865,-1.4865897925416547,3.9922415402495552,0.6383090130940217,FALSE,1.7430640130528356,-0.2862249092521735,3.8136921516074502,0.23316267349306027,FALSE
Nevada,NV,32,0.5327398557713874,-1.5839110563240275,2.6920286626420946,0.81091613478318,FALSE,0.029184684636350156,-1.5269593872764264,1.6342779261617615,0.9973201071957122,FALSE
New Hampshire,NH,33,0.9356845489444794,-1.9850362209529697,4.06931744574891,0.7137567128893791,FALSE,-0.3292676471119862,-2.806604000617977,2.3379203229550813,0.7996480140794369,FALSE
New Jersey,NJ,34,-0.4125051698331612,-1.386074048003481,0.5594931537448953,0.6383090130940217,FALSE,-0.682479236180669,-1.2849295464554449,-0.0970993508271555,0.06935722571097155,FALSE
New Mexico,NM,35,-3.6121460573392454,-7.136008463936505,-0.21765848962482792,0.12418003279868804,FALSE,-4.555531635073074,-7.1983959629579735,-1.9733411091969393,0.002719891204351826,TRUE
New York,NY,36,-0.28239927381231755,-0.8864043555750903,0.2966019788073299,0.6383090130940217,FALSE,-0.6527766664846699,-1.0929644183138434,-0.2358606416641463,0.008901462123333249,TRUE
North Carolina,NC,37,-1.3687834993492132,-2.787306535924681,0.022579022445235353,0.16223351065957362,FALSE,-1.0828429762778629,-2.136942311264934,-0.0364149887302718,0.11445015883575184,FALSE
North Dakota,ND,38,-1.6841020649887284,-6.374055221524809,2.886316053901796,0.6446142154313828,FALSE,-0.7511471387762164,-4.014384885104561,2.2617470956832624,0.762834602894954,FALSE
Ohio,OH,39,-1.7700703811042082,-2.795188600674093,-0.7550880513316337,0.005828338295039627,TRUE,-1.5670228612671444,-2.350556640790116,-0.7994806552344865,8.159673613055477e-4,TRUE
Oklahoma,OK,40,-3.3376341283844706,-5.787987468330572,-0.9385720504570078,0.04079836806527739,TRUE,-0.9503992228231728,-2.812513926460781,0.9624078931093039,0.4511619535218591,FALSE
Oregon,OR,41,-1.4873989557938891,-3.316877801234016,0.34655639096822544,0.2797602381619021,FALSE,-1.0548461534893134,-2.3911693282364137,0.27130767271455714,0.2750180901854835,FALSE
Pennsylvania,PA,42,-0.8331884943821475,-1.73133701491414,0.05620336803905006,0.19288561790861697,FALSE,-0.423710618099738,-1.123153932058324,0.27489594832379616,0.39616622231662457,FALSE
Rhode Island,RI,44,-1.0666835966643626,-3.5224533280081385,1.209279822039388,0.6383090130940217,FALSE,-1.4069778668282416,-3.4819768538523963,0.4239587868332694,0.29676378162264816,FALSE
South Carolina,SC,45,-4.118211047805733,-6.3364972502157135,-1.8871898210369396,0.0020399184032638693,TRUE,-3.6030523523260327,-5.460753495411082,-1.7920016392568119,0.0010199592016319346,TRUE
South Dakota,SD,46,-0.7193582065740642,-6.13751973374649,4.323546577220784,0.8862115080614167,FALSE,-1.4183538240519988,-5.0181430651436845,2.0600318433387472,0.5889299563152609,FALSE
Tennessee,TN,47,-2.4892103753162047,-4.187494206048087,-0.8093457595349258,0.02447902083916643,TRUE,-0.6882218780813467,-1.9707162711957589,0.5834715662502665,0.4271006302605038,FALSE
Texas,TX,48,-1.9233164967563052,-2.6476160117863214,-1.2010814339632816,8.159673613055477e-4,TRUE,-1.3970035488378687,-1.9398743769863271,-0.8558828280604164,8.159673613055477e-4,TRUE
Utah,UT,49,-2.0347752205146366,-3.8444597603240345,-0.25783415611089566,0.09033924357311422,FALSE,-1.5914073842829852,-2.8890546786581015,-0.3213462986513019,0.04604387253081305,TRUE
Vermont,VT,50,-2.3356758318652933,-7.8906914416144724,2.758853291132233,0.6383090130940217,FALSE,-1.3235639263543137,-5.645508182025879,3.0048630778803402,0.6861641323820731,FALSE
Virginia,VA,51,-0.8297652617862674,-2.0461584352334596,0.3623327202280848,0.36378544858205675,FALSE,-1.1117229079815307,-2.0613530759536434,-0.19640760584462402,0.05847766089356425,FALSE
Washington,WA,53,0.46916946250405545,-0.6295723144148777,1.5853480337252304,0.6383090130940217,FALSE,0.249629049919417,-0.586608797368294,1.1129428334068852,0.7201409504595426,FALSE
West Virginia,WV,54,-1.3294031141617264,-4.642005684213798,1.9346064521408586,0.6446142154313828,FALSE,-1.3567441276285583,-3.4170368661179933,0.7575827996555314,0.38078476860925564,FALSE
Wisconsin,WI,55,-0.5597463722539349,-2.0521101287076977,0.8949741154814523,0.6446142154313828,FALSE,-0.7220167331143453,-1.8292768047625336,0.3740864984899922,0.38078476860925564,FALSE
Wyoming,WY,56,-0.7683185743351828,-7.10710887737755,6.19031417306024,0.8862115080614167,FALSE,0.8960567937093781,-3.8335425920403168,5.472575981362483,0.7904910470247857,FALSE
