state,year,road_cat,vmt_millions
Alabama,2018,Rural,28788.27199398
Alabama,2018,Urban,42378.934759875
Alabama,2018,Total,71167.206753855
Alaska,2018,Rural,2276.520690035
Alaska,2018,Urban,3210.799304395
Alaska,2018,Total,5487.3199944299995
Arizona,2018,Rural,16342.948480849998
Arizona,2018,Urban,49801.56272451
Arizona,2018,Total,66144.51120536
Arkansas,2018,Rural,17787.340513494997
Arkansas,2018,Urban,18887.968533320003
Arkansas,2018,Total,36675.30904681501
California,2018,Rural,58432.196126955
California,2018,Urban,290363.51732941007
California,2018,Total,348795.71345636505
Colorado,2018,Rural,15894.22210635
Colorado,2018,Urban,38059.385397399994
Colorado,2018,Total,53953.60750375
Connecticut,2018,Rural,3158.971345
Connecticut,2018,Urban,28436.733983
Connecticut,2018,Total,31595.705327999996
Delaware,2018,Rural,2469.5994439
Delaware,2018,Urban,7709.78436255
Delaware,2018,Total,10179.38380645
District of Columbia,2018,Rural,0
District of Columbia,2018,Urban,3690.67797093
District of Columbia,2018,Total,3690.67797093
Florida,2018,Rural,36742.04892791
Florida,2018,Urban,185073.69172738
Florida,2018,Total,221815.74065528996
Georgia,2018,Rural,32848.529615385
Georgia,2018,Urban,98607.003159965
Georgia,2018,Total,131455.53277535
Hawaii,2018,Rural,1845.203164785
Hawaii,2018,Urban,9041.564582
Hawaii,2018,Total,10886.767746785
Idaho,2018,Rural,10180.3475607
Idaho,2018,Urban,7528.798213299999
Idaho,2018,Total,17709.145773999997
Illinois,2018,Rural,25652.437112650005
Illinois,2018,Urban,82301.81681035
Illinois,2018,Total,107954.253923
Indiana,2018,Rural,29691.337463395
Indiana,2018,Urban,51837.474338745
Indiana,2018,Total,81528.81180214
Iowa,2018,Rural,19716.88967503
Iowa,2018,Urban,13565.51036419
Iowa,2018,Total,33282.400039219996
Kansas,2018,Rural,15344.843831935
Kansas,2018,Urban,16845.569143474997
Kansas,2018,Total,32190.41297541
Kentucky,2018,Rural,26615.645403885
Kentucky,2018,Urban,22927.960831425004
Kentucky,2018,Total,49543.60623531
Louisiana,2018,Rural,19534.185642365
Louisiana,2018,Urban,30511.241806324997
Louisiana,2018,Total,50045.42744869
Maine,2018,Rural,10178.4990889
Maine,2018,Urban,4605.0558043149995
Maine,2018,Total,14783.554893215
Maryland,2018,Rural,10647.878763525
Maryland,2018,Urban,49127.556705685
Maryland,2018,Total,59775.435469209995
Massachusetts,2018,Rural,3069.173774535
Massachusetts,2018,Urban,63702.806952745
Massachusetts,2018,Total,66771.98072728
Michigan,2018,Rural,31203.83749072
Michigan,2018,Urban,71193.72000309
Michigan,2018,Total,102397.55749381
Minnesota,2018,Rural,24672.07356858
Minnesota,2018,Urban,35766.240517155
Minnesota,2018,Total,60438.31408573499
Mississippi,2018,Rural,23832.70079006
Mississippi,2018,Urban,16897.73870031
Mississippi,2018,Total,40730.43949037
Missouri,2018,Rural,33166.283766964996
Missouri,2018,Urban,43428.71551541
Missouri,2018,Total,76594.99928237499
Montana,2018,Rural,8754.20098647
Montana,2018,Urban,3945.43500394
Montana,2018,Total,12699.63599041
Nebraska,2018,Rural,11616.948929975
Nebraska,2018,Urban,9357.786163405
Nebraska,2018,Total,20974.73509338
Nevada,2018,Rural,5701.0887006600005
Nevada,2018,Urban,22617.923470205
Nevada,2018,Total,28319.012170865004
New Hampshire,2018,Rural,5484.04074194
New Hampshire,2018,Urban,8292.43231433
New Hampshire,2018,Total,13776.47305627
New Jersey,2018,Rural,4867.9992987000005
New Jersey,2018,Urban,72670.9118732
New Jersey,2018,Total,77538.9111719
New Mexico,2018,Rural,16179.404605945
New Mexico,2018,Urban,11108.902366165
New Mexico,2018,Total,27288.306972110004
New York,2018,Rural,25303.332113049997
New York,2018,Urban,98207.0665203
New York,2018,Total,123510.39863335
North Carolina,2018,Rural,41165.72521638
North Carolina,2018,Urban,79961.523407185
North Carolina,2018,Total,121127.248623565
North Dakota,2018,Rural,6882.111108245001
North Dakota,2018,Urban,2973.55256034
North Dakota,2018,Total,9855.663668585
Ohio,2018,Rural,34637.288702495
Ohio,2018,Urban,79837.15193347
Ohio,2018,Total,114474.440635965
Oklahoma,2018,Rural,22096.3646783
Oklahoma,2018,Urban,23336.648140849997
Oklahoma,2018,Total,45433.01281915
Oregon,2018,Rural,14588.95638615
Oregon,2018,Urban,22259.460546
Oregon,2018,Total,36848.41693215
Pennsylvania,2018,Rural,34317.91335684
Pennsylvania,2018,Urban,67791.53341542
Pennsylvania,2018,Total,102109.44677226
Rhode Island,2018,Rural,913.315789745
Rhode Island,2018,Urban,7095.2664171549995
Rhode Island,2018,Total,8008.5822069
South Carolina,2018,Rural,25595.92992381
South Carolina,2018,Urban,31204.752827755
South Carolina,2018,Total,56800.682751565
South Dakota,2018,Rural,6785.8809679450005
South Dakota,2018,Urban,2933.52516468
South Dakota,2018,Total,9719.406132625
Tennessee,2018,Rural,25892.1498954
Tennessee,2018,Urban,55429.34107235
Tennessee,2018,Total,81321.49096775
Texas,2018,Rural,76746.827479225
Texas,2018,Urban,205290.437622085
Texas,2018,Total,282037.26510131
Utah,2018,Rural,8915.767088179999
Utah,2018,Urban,23153.520825315
Utah,2018,Total,32069.287913495
Vermont,2018,Rural,5216.94078352
Vermont,2018,Urban,2129.4093940999996
Vermont,2018,Total,7346.35017762
Virginia,2018,Rural,29008.8786174
Virginia,2018,Urban,56327.223439675
Virginia,2018,Total,85336.102057075
Washington,2018,Rural,17426.384174645
Washington,2018,Urban,44940.27195645
Washington,2018,Total,62366.656131095006
West Virginia,2018,Rural,9868.280034075
West Virginia,2018,Urban,9579.043176674999
West Virginia,2018,Total,19447.32321075
Wisconsin,2018,Rural,33357.19853522
Wisconsin,2018,Urban,32528.236413610004
Wisconsin,2018,Total,65885.43494883
Wyoming,2018,Rural,7386.93206303
Wyoming,2018,Urban,3051.51055025
Wyoming,2018,Total,10438.44261328
Alabama,2019,Rural,29011.352422055003
Alabama,2019,Urban,42723.27538845
Alabama,2019,Total,71734.627810505
Alaska,2019,Rural,2589.85610256
Alaska,2019,Urban,3291.447025075
Alaska,2019,Total,5881.303127635
Arizona,2019,Rural,16689.928833665
Arizona,2019,Urban,53590.717634595
Arizona,2019,Total,70280.64646826
Arkansas,2019,Rural,17945.277779255
Arkansas,2019,Urban,19153.74203867
Arkansas,2019,Total,37099.019817925
California,2019,Rural,56480.47497096001
California,2019,Urban,284355.77654788503
California,2019,Total,340836.25151884503
Colorado,2019,Rural,16215.9583388
Colorado,2019,Urban,38417.5961711
Colorado,2019,Total,54633.5545099
Connecticut,2019,Rural,3188.6883675
Connecticut,2019,Urban,28412.159987999996
Connecticut,2019,Total,31600.848355499995
Delaware,2019,Rural,2527.2577967499997
Delaware,2019,Urban,7717.901119399999
Delaware,2019,Total,10245.158916149998
District of Columbia,2019,Rural,0
District of Columbia,2019,Urban,3756.0697547099994
District of Columbia,2019,Total,3756.0697547099994
Florida,2019,Rural,37531.031291725005
Florida,2019,Urban,188983.3848357
Florida,2019,Total,226514.416127425
Georgia,2019,Rural,31809.861678575
Georgia,2019,Urban,101317.79654395
Georgia,2019,Total,133127.658222525
Hawaii,2019,Rural,1876.6682393
Hawaii,2019,Urban,9147.336662165
Hawaii,2019,Total,11024.004901465
Idaho,2019,Rural,10109.09945985
Idaho,2019,Urban,7948.56211615
Idaho,2019,Total,18057.661576
Illinois,2019,Rural,25375.58713115
Illinois,2019,Urban,82149.0573352
Illinois,2019,Total,107524.64446635
Indiana,2019,Rural,30106.03806836
Indiana,2019,Urban,52613.084925735
Indiana,2019,Total,82719.122994095
Iowa,2019,Rural,19956.167067785
Iowa,2019,Urban,13580.85197046
Iowa,2019,Total,33537.019038245
Kansas,2019,Rural,15230.42932192
Kansas,2019,Urban,16612.09060635
Kansas,2019,Total,31842.51992827
Kentucky,2019,Rural,26597.158611960003
Kentucky,2019,Urban,22813.173201985
Kentucky,2019,Total,49410.331813945006
Louisiana,2019,Rural,19798.282471305
Louisiana,2019,Urban,31562.020770320003
Louisiana,2019,Total,51360.303241625006
Maine,2019,Rural,10251.149263775
Maine,2019,Urban,4620.318895435
Maine,2019,Total,14871.46815921
Maryland,2019,Rural,10712.42020498
Maryland,2019,Urban,49503.47353375499
Maryland,2019,Total,60215.89373873499
Massachusetts,2019,Rural,3052.363118565
Massachusetts,2019,Urban,61837.419118125
Massachusetts,2019,Total,64889.78223669
Michigan,2019,Rural,31282.22142906
Michigan,2019,Urban,70891.49611584
Michigan,2019,Total,102173.7175449
Minnesota,2019,Rural,24827.163405685
Minnesota,2019,Urban,35903.81769152499
Minnesota,2019,Total,60730.981097209995
Mississippi,2019,Rural,23995.593878215
Mississippi,2019,Urban,17095.31667303
Mississippi,2019,Total,41090.91055124501
Missouri,2019,Rural,34509.58136636
Missouri,2019,Urban,44658.668508995
Missouri,2019,Total,79168.24987535499
Montana,2019,Rural,8940.817865635001
Montana,2019,Urban,3951.12966751
Montana,2019,Total,12891.947533145
Nebraska,2019,Rural,11663.177181025
Nebraska,2019,Urban,9578.614976925
Nebraska,2019,Total,21241.79215795
Nevada,2019,Rural,5639.128881684999
Nevada,2019,Urban,23154.608551485
Nevada,2019,Total,28793.73743317
New Hampshire,2019,Rural,5554.192995515
New Hampshire,2019,Urban,8273.928487855
New Hampshire,2019,Total,13828.12148337
New Jersey,2019,Rural,4967.38190385
New Jersey,2019,Urban,73237.91529499
New Jersey,2019,Total,78205.29719884
New Mexico,2019,Rural,16423.033840520002
New Mexico,2019,Urban,11349.041209875
New Mexico,2019,Total,27772.075050395004
New York,2019,Rural,25486.971643050005
New York,2019,Urban,98499.1826779
New York,2019,Total,123986.15432095
North Carolina,2019,Rural,41618.065331635
North Carolina,2019,Urban,80856.588686515
North Carolina,2019,Total,122474.65401815
North Dakota,2019,Rural,6875.846227915
North Dakota,2019,Urban,2950.22204307
North Dakota,2019,Total,9826.068270985
Ohio,2019,Rural,35021.94728093
Ohio,2019,Urban,79671.64134136502
Ohio,2019,Total,114693.588622295
Oklahoma,2019,Rural,22020.0570095
Oklahoma,2019,Urban,22628.1795967
Oklahoma,2019,Total,44648.2366062
Oregon,2019,Rural,13608.018196299998
Oregon,2019,Urban,22200.447127
Oregon,2019,Total,35808.4653233
Pennsylvania,2019,Rural,34504.763067315
Pennsylvania,2019,Urban,68358.746703705
Pennsylvania,2019,Total,102863.50977102
Rhode Island,2019,Rural,918.30014627
Rhode Island,2019,Urban,6662.532111555
Rhode Island,2019,Total,7580.832257825
South Carolina,2019,Rural,26014.87656319001
South Carolina,2019,Urban,31924.520812685
South Carolina,2019,Total,57939.39737587501
South Dakota,2019,Rural,6933.6774143600005
South Dakota,2019,Urban,2988.7221294449996
South Dakota,2019,Total,9922.399543805
Tennessee,2019,Rural,26183.901777049996
Tennessee,2019,Urban,56707.869082549994
Tennessee,2019,Total,82891.77085959999
Texas,2019,Rural,78625.132291655
Texas,2019,Urban,209602.10325283505
Texas,2019,Total,288227.23554449005
Utah,2019,Rural,8887.91472158
Utah,2019,Urban,24022.76040288
Utah,2019,Total,32910.67512446
Vermont,2019,Rural,5221.399601765001
Vermont,2019,Urban,2124.2273206150003
Vermont,2019,Total,7345.626922380002
Virginia,2019,Rural,29392.148877455
Virginia,2019,Urban,56040.335275625
Virginia,2019,Total,85432.48415308
Washington,2019,Rural,17496.734477585
Washington,2019,Urban,45032.90383962499
Washington,2019,Total,62529.63831721
West Virginia,2019,Rural,9610.32561165
West Virginia,2019,Urban,9466.23404835
West Virginia,2019,Total,19076.55966
Wisconsin,2019,Rural,33385.58773433
Wisconsin,2019,Urban,32962.036118075004
Wisconsin,2019,Total,66347.623852405
Wyoming,2019,Rural,7189.574858225
Wyoming,2019,Urban,3018.03078947
Wyoming,2019,Total,10207.605647695
Alabama,2020,Rural,27813.55132
Alabama,2020,Urban,40107.94552
Alabama,2020,Total,67921.49684
Alaska,2020,Rural,2482.95744
Alaska,2020,Urban,2822.93111
Alaska,2020,Total,5305.88855
Arizona,2020,Rural,15767.88222
Arizona,2020,Urban,49990.3969
Arizona,2020,Total,65758.27912
Arkansas,2020,Rural,16305.24715
Arkansas,2020,Urban,17613.51477
Arkansas,2020,Total,33918.76191
California,2020,Rural,55380.9434
California,2020,Urban,244430.73966
California,2020,Total,299811.68307
Colorado,2020,Rural,15040.15321
Colorado,2020,Urban,33601.8934
Colorado,2020,Total,48642.0466
Connecticut,2020,Rural,2936.49632
Connecticut,2020,Urban,26908.44194
Connecticut,2020,Total,29844.93826
Delaware,2020,Rural,2021.04094
Delaware,2020,Urban,6324.18867
Delaware,2020,Total,8345.22961
District of Columbia,2020,Rural,0
District of Columbia,2020,Urban,3030.47397
District of Columbia,2020,Total,3030.47397
Florida,2020,Rural,35241.01806
Florida,2020,Urban,172834.90083
Florida,2020,Total,208075.91888
Georgia,2020,Rural,28983.82553
Georgia,2020,Urban,86983.00107
Georgia,2020,Total,115966.8266
Hawaii,2020,Rural,1466.72735
Hawaii,2020,Urban,7318.63919
Hawaii,2020,Total,8785.36654
Idaho,2020,Rural,10017.65165
Idaho,2020,Urban,7388.76597
Idaho,2020,Total,17406.41762
Illinois,2020,Rural,23325.89508
Illinois,2020,Urban,70794.70228
Illinois,2020,Total,94120.59736
Indiana,2020,Rural,27731.13952
Indiana,2020,Urban,48876.60096
Indiana,2020,Total,76607.74049
Iowa,2020,Rural,17877.28083
Iowa,2020,Urban,11874.21591
Iowa,2020,Total,29751.49674
Kansas,2020,Rural,13697.36151
Kansas,2020,Urban,14156.44037
Kansas,2020,Total,27853.80189
Kentucky,2020,Rural,25231.89812
Kentucky,2020,Urban,21303.90833
Kentucky,2020,Total,46535.80644
Louisiana,2020,Rural,18970.56261
Louisiana,2020,Urban,29403.54382
Louisiana,2020,Total,48374.10643
Maine,2020,Rural,9104.33742
Maine,2020,Urban,3982.07984
Maine,2020,Total,13086.41725
Maryland,2020,Rural,9403.71664
Maryland,2020,Urban,41481.4072
Maryland,2020,Total,50885.12383
Massachusetts,2020,Rural,2693.04544
Massachusetts,2020,Urban,51433.78014
Massachusetts,2020,Total,54126.82558
Michigan,2020,Rural,27593.02309
Michigan,2020,Urban,58953.97184
Michigan,2020,Total,86546.99493
Minnesota,2020,Rural,22166.57409
Minnesota,2020,Urban,29452.86705
Minnesota,2020,Total,51619.44114
Mississippi,2020,Rural,23288.7573
Mississippi,2020,Urban,16376.33019
Mississippi,2020,Total,39665.08749
Missouri,2020,Rural,32529.53124
Missouri,2020,Urban,40267.50575
Missouri,2020,Total,72797.03699
Montana,2020,Rural,8423.37753
Montana,2020,Urban,3680.71381
Montana,2020,Total,12104.09134
Nebraska,2020,Rural,10836.16826
Nebraska,2020,Urban,8595.69645
Nebraska,2020,Total,19431.86472
Nevada,2020,Rural,5332.92905
Nevada,2020,Urban,19898.41731
Nevada,2020,Total,25231.34636
New Hampshire,2020,Rural,4937.32022
New Hampshire,2020,Urban,7018.93554
New Hampshire,2020,Total,11956.25576
New Jersey,2020,Rural,4250.79073
New Jersey,2020,Urban,62090.35922
New Jersey,2020,Total,66341.14996
New Mexico,2020,Rural,14210.55419
New Mexico,2020,Urban,9545.88142
New Mexico,2020,Total,23756.4356
New York,2020,Rural,21922.33297
New York,2020,Urban,80554.54157
New York,2020,Total,102476.87454
North Carolina,2020,Rural,36857.0339
North Carolina,2020,Urban,69485.33147
North Carolina,2020,Total,106342.36536
North Dakota,2020,Rural,5886.06268
North Dakota,2020,Urban,2881.5381
North Dakota,2020,Total,8767.60078
Ohio,2020,Rural,31182.20049
Ohio,2020,Urban,71932.73564
Ohio,2020,Total,103114.93613
Oklahoma,2020,Rural,20871.70554
Oklahoma,2020,Urban,21128.473
Oklahoma,2020,Total,42000.17854
Oregon,2020,Rural,12375.82088
Oregon,2020,Urban,19922.15757
Oregon,2020,Total,32297.97845
Pennsylvania,2020,Rural,31098.67182
Pennsylvania,2020,Urban,56883.81912
Pennsylvania,2020,Total,87982.49094
Rhode Island,2020,Rural,771.90213
Rhode Island,2020,Urban,6092.19116
Rhode Island,2020,Total,6864.09328
South Carolina,2020,Rural,24390.80677
South Carolina,2020,Urban,29581.24525
South Carolina,2020,Total,53972.05201
South Dakota,2020,Rural,6839.00674
South Dakota,2020,Urban,2903.50114
South Dakota,2020,Total,9742.50787
Tennessee,2020,Rural,24955.40397
Tennessee,2020,Urban,51437.07097
Tennessee,2020,Total,76392.47494
Texas,2020,Rural,71681.78623
Texas,2020,Urban,188900.16922
Texas,2020,Total,260581.95545
Utah,2020,Rural,8776.5489
Utah,2020,Urban,21474.63458
Utah,2020,Total,30251.18348
Vermont,2020,Rural,4272.6057
Vermont,2020,Urban,1734.3694
Vermont,2020,Total,6006.9751
Virginia,2020,Rural,26438.34349
Virginia,2020,Urban,49671.92574
Virginia,2020,Total,76110.26923
Washington,2020,Rural,15493.03656
Washington,2020,Urban,38165.20474
Washington,2020,Total,53658.2413
West Virginia,2020,Rural,8260.11577
West Virginia,2020,Urban,7794.02448
West Virginia,2020,Total,16054.14025
Wisconsin,2020,Rural,29253.11154
Wisconsin,2020,Urban,28346.82951
Wisconsin,2020,Total,57599.94105
Wyoming,2020,Rural,7138.56202
Wyoming,2020,Urban,2661.75779
Wyoming,2020,Total,9800.31981
Alabama,2021,Rural,29164.42232
Alabama,2021,Urban,42727.60904
Alabama,2021,Total,71892.03136
Alaska,2021,Rural,2682.07237
Alaska,2021,Urban,3070.11528
Alaska,2021,Total,5752.18765
Arizona,2021,Rural,17619.57538
Arizona,2021,Urban,56140.3803
Arizona,2021,Total,73759.95568
Arkansas,2021,Rural,19258.96907
Arkansas,2021,Urban,19167.8367
Arkansas,2021,Total,38426.80577
California,2021,Rural,58381.06804
California,2021,Urban,252441.65787
California,2021,Total,310822.72591
Colorado,2021,Rural,16723.07476
Colorado,2021,Urban,37116.63149
Colorado,2021,Total,53839.70626
Connecticut,2021,Rural,2858.19619
Connecticut,2021,Urban,26130.34642
Connecticut,2021,Total,28988.54262
Delaware,2021,Rural,2834.93625
Delaware,2021,Urban,7317.48821
Delaware,2021,Total,10152.42445
District of Columbia,2021,Rural,0
District of Columbia,2021,Urban,3247.77543
District of Columbia,2021,Total,3247.77543
Florida,2021,Rural,37740.50885
Florida,2021,Urban,179825.86809
Florida,2021,Total,217566.37694
Georgia,2021,Rural,30240.90849
Georgia,2021,Urban,90444.31557
Georgia,2021,Total,120685.22407
Hawaii,2021,Rural,1735.76462
Hawaii,2021,Urban,8236.19912
Hawaii,2021,Total,9971.96374
Idaho,2021,Rural,11224.62315
Idaho,2021,Urban,8083.54693
Idaho,2021,Total,19308.17008
Illinois,2021,Rural,21601.72982
Illinois,2021,Urban,75927.85318
Illinois,2021,Total,97529.58300000001
Indiana,2021,Rural,29108.04545
Indiana,2021,Urban,49532.35059
Indiana,2021,Total,78640.39604
Iowa,2021,Rural,19953.53562
Iowa,2021,Urban,13085.74202
Iowa,2021,Total,33039.27764
Kansas,2021,Rural,15402.10097
Kansas,2021,Urban,16290.73317
Kansas,2021,Total,31692.83414
Kentucky,2021,Rural,26389.16562
Kentucky,2021,Urban,21722.20299
Kentucky,2021,Total,48111.36861
Louisiana,2021,Rural,20957.88712
Louisiana,2021,Urban,33769.76957
Louisiana,2021,Total,54727.65668
Maine,2021,Rural,10057.06328
Maine,2021,Urban,4502.76173
Maine,2021,Total,14559.825
Maryland,2021,Rural,10443.96526
Maryland,2021,Urban,46157.23655
Maryland,2021,Total,56601.20181
Massachusetts,2021,Rural,2895.17294
Massachusetts,2021,Urban,56219.81132
Massachusetts,2021,Total,59114.98426
Michigan,2021,Rural,30922.39177
Michigan,2021,Urban,65822.09438
Michigan,2021,Total,96744.48614
Minnesota,2021,Rural,24548.25742
Minnesota,2021,Urban,32622.85195
Minnesota,2021,Total,57171.10937
Mississippi,2021,Rural,24284.42729
Mississippi,2021,Urban,16568.39795
Mississippi,2021,Total,40852.82524
Missouri,2021,Rural,36463.90881
Missouri,2021,Urban,43327.01843
Missouri,2021,Total,79790.92724
Montana,2021,Rural,9448.53008
Montana,2021,Urban,4033.13858
Montana,2021,Total,13481.66866
Nebraska,2021,Rural,11868.76725
Nebraska,2021,Urban,9340.89903
Nebraska,2021,Total,21209.66629
Nevada,2021,Rural,5930.60297
Nevada,2021,Urban,21146.00503
Nevada,2021,Total,27076.608
New Hampshire,2021,Rural,5429.04692
New Hampshire,2021,Urban,7700.76079
New Hampshire,2021,Total,13129.80771
New Jersey,2021,Rural,4695.89319
New Jersey,2021,Urban,68976.86422
New Jersey,2021,Total,73672.75741
New Mexico,2021,Rural,16053.82571
New Mexico,2021,Urban,10769.57753
New Mexico,2021,Total,26823.40324
New York,2021,Rural,23327.91947
New York,2021,Urban,83541.83953
New York,2021,Total,106869.759
North Carolina,2021,Rural,40605.78279
North Carolina,2021,Urban,77128.65113
North Carolina,2021,Total,117734.43391
North Dakota,2021,Rural,6291.90725
North Dakota,2021,Urban,2963.75917
North Dakota,2021,Total,9255.66642
Ohio,2021,Rural,34033.2023
Ohio,2021,Urban,78889.81375
Ohio,2021,Total,112923.01605
Oklahoma,2021,Rural,22464.0325
Oklahoma,2021,Urban,22295.7282
Oklahoma,2021,Total,44759.7607
Oregon,2021,Rural,14870.82027
Oregon,2021,Urban,21971.15532
Oregon,2021,Total,36841.97559
Pennsylvania,2021,Rural,34231.54995
Pennsylvania,2021,Urban,68454.49065
Pennsylvania,2021,Total,102686.0406
Rhode Island,2021,Rural,1006.06823
Rhode Island,2021,Urban,6520.24385
Rhode Island,2021,Total,7526.31208
South Carolina,2021,Rural,26016.24885
South Carolina,2021,Urban,31475.70604
South Carolina,2021,Total,57491.95488
South Dakota,2021,Rural,7087.06185
South Dakota,2021,Urban,2906.84888
South Dakota,2021,Total,9993.91073
Tennessee,2021,Rural,26888.58927
Tennessee,2021,Urban,55707.00324
Tennessee,2021,Total,82595.59251
Texas,2021,Rural,79183.94139
Texas,2021,Urban,205843.71991
Texas,2021,Total,285027.66129
Utah,2021,Rural,9833.146100000002
Utah,2021,Urban,23804.80093
Utah,2021,Total,33637.94703
Vermont,2021,Rural,4702.39178
Vermont,2021,Urban,1922.66321
Vermont,2021,Total,6625.05499
Virginia,2021,Rural,30018.25769
Virginia,2021,Urban,50084.20841
Virginia,2021,Total,80102.4661
Washington,2021,Rural,17036.84354
Washington,2021,Urban,40759.75257
Washington,2021,Total,57796.59611
West Virginia,2021,Rural,8312.98006
West Virginia,2021,Urban,7766.29487
West Virginia,2021,Total,16079.27494
Wisconsin,2021,Rural,33249.72774
Wisconsin,2021,Urban,31733.55173
Wisconsin,2021,Total,64983.27947
Wyoming,2021,Rural,8202.1481
Wyoming,2021,Urban,2894.37205
Wyoming,2021,Total,11096.52015
Alabama,2022,Rural,29140.51428
Alabama,2022,Urban,42490.02487
Alabama,2022,Total,71630.53914
Alaska,2022,Rural,2406.10348
Alaska,2022,Urban,3072.10592
Alaska,2022,Total,5478.20939
Arizona,2022,Rural,17900.15315
Arizona,2022,Urban,58259.1584
Arizona,2022,Total,76159.31155
Arkansas,2022,Rural,18488.5605
Arkansas,2022,Urban,20041.91206
Arkansas,2022,Total,38530.47256
California,2022,Rural,60266.79194
California,2022,Urban,254976.78066
California,2022,Total,315243.5726
Colorado,2022,Rural,16814.29542
Colorado,2022,Urban,37120.99113
Colorado,2022,Total,53935.28656
Connecticut,2022,Rural,3007.70311
Connecticut,2022,Urban,26658.61118
Connecticut,2022,Total,29666.31429
Delaware,2022,Rural,2623.41821
Delaware,2022,Urban,7248.98122
Delaware,2022,Total,9872.39943
District of Columbia,2022,Rural,0
District of Columbia,2022,Urban,3420.7313
District of Columbia,2022,Total,3420.7313
Florida,2022,Rural,40044.1383
Florida,2022,Urban,187712.99912
Florida,2022,Total,227757.13742
Georgia,2022,Rural,43544.88249
Georgia,2022,Urban,85326.17321
Georgia,2022,Total,128871.05571
Hawaii,2022,Rural,1823.60249
Hawaii,2022,Urban,8465.47319
Hawaii,2022,Total,10289.07568
Idaho,2022,Rural,11067.24357
Idaho,2022,Urban,8090.16028
Idaho,2022,Total,19157.40384
Illinois,2022,Rural,25020.42989
Illinois,2022,Urban,78731.75699
Illinois,2022,Total,103752.18688
Indiana,2022,Rural,55267.38494
Indiana,2022,Urban,40417.02084
Indiana,2022,Total,95684.40578
Iowa,2022,Rural,19747.49338
Iowa,2022,Urban,12964.5819
Iowa,2022,Total,32712.07528
Kansas,2022,Rural,15144.81028
Kansas,2022,Urban,16188.83333
Kansas,2022,Total,31333.6436
Kentucky,2022,Rural,26037.93124
Kentucky,2022,Urban,22009.19272
Kentucky,2022,Total,48047.12396
Louisiana,2022,Rural,21293.38811
Louisiana,2022,Urban,35220.64785
Louisiana,2022,Total,56514.03597
Maine,2022,Rural,10164.51872
Maine,2022,Urban,4486.57099
Maine,2022,Total,14651.08971
Maryland,2022,Rural,10321.03044
Maryland,2022,Urban,46424.79956
Maryland,2022,Total,56745.83
Massachusetts,2022,Rural,2776.67922
Massachusetts,2022,Urban,54172.28487
Massachusetts,2022,Total,56948.96409
Michigan,2022,Rural,30501.74215
Michigan,2022,Urban,65399.05172
Michigan,2022,Total,95900.79387
Minnesota,2022,Rural,24035.86406
Minnesota,2022,Urban,33434.75969
Minnesota,2022,Total,57470.62375
Mississippi,2022,Rural,23648.06066
Mississippi,2022,Urban,16303.65882
Mississippi,2022,Total,39951.71948
Missouri,2022,Rural,36269.47762
Missouri,2022,Urban,43161.3675
Missouri,2022,Total,79430.84512
Montana,2022,Rural,9314.4931
Montana,2022,Urban,4199.287
Montana,2022,Total,13513.7801
Nebraska,2022,Rural,11630.48252
Nebraska,2022,Urban,9639.84636
Nebraska,2022,Total,21270.32889
Nevada,2022,Rural,5926.9028
Nevada,2022,Urban,21720.45407
Nevada,2022,Total,27647.35686
New Hampshire,2022,Rural,5484.23928
New Hampshire,2022,Urban,7796.32415
New Hampshire,2022,Total,13280.56343
New Jersey,2022,Rural,4755.77124
New Jersey,2022,Urban,70531.79925
New Jersey,2022,Total,75287.57049
New Mexico,2022,Rural,16097.24199
New Mexico,2022,Urban,10734.20631
New Mexico,2022,Total,26831.44829
New York,2022,Rural,24613.35131
New York,2022,Urban,90768.96339
New York,2022,Total,115382.3147
North Carolina,2022,Rural,41032.69026
North Carolina,2022,Urban,78348.34796
North Carolina,2022,Total,119381.03823
North Dakota,2022,Rural,6285.24281
North Dakota,2022,Urban,2894.53024
North Dakota,2022,Total,9179.77305
Ohio,2022,Rural,33984.80782
Ohio,2022,Urban,76592.7025
Ohio,2022,Total,110577.51033
Oklahoma,2022,Rural,21946.44141
Oklahoma,2022,Urban,22619.33208
Oklahoma,2022,Total,44565.77349
Oregon,2022,Rural,14603.73545
Oregon,2022,Urban,21972.42452
Oregon,2022,Total,36576.15997
Pennsylvania,2022,Rural,32508.86795
Pennsylvania,2022,Urban,67403.44261
Pennsylvania,2022,Total,99912.31056
Rhode Island,2022,Rural,885.72997
Rhode Island,2022,Urban,6644.88977
Rhode Island,2022,Total,7530.61975
South Carolina,2022,Rural,26420.50982
South Carolina,2022,Urban,32567.86977
South Carolina,2022,Total,58988.37959
South Dakota,2022,Rural,7125.51968
South Dakota,2022,Urban,3044.0092
South Dakota,2022,Total,10169.52888
Tennessee,2022,Rural,26900.67214
Tennessee,2022,Urban,56317.9671
Tennessee,2022,Total,83218.63924
Texas,2022,Rural,79324.55395
Texas,2022,Urban,211565.52388
Texas,2022,Total,290890.07783
Utah,2022,Rural,9861.91762
Utah,2022,Urban,24474.23344
Utah,2022,Total,34336.15106
Vermont,2022,Rural,5061.96779
Vermont,2022,Urban,2065.79492
Vermont,2022,Total,7127.76271
Virginia,2022,Rural,29109.38633
Virginia,2022,Urban,52973.84671
Virginia,2022,Total,82083.23304
Washington,2022,Rural,16964.79763
Washington,2022,Urban,41517.95765
Washington,2022,Total,58482.75528
West Virginia,2022,Rural,7987.65311
West Virginia,2022,Urban,7324.75442
West Virginia,2022,Total,15312.40753
Wisconsin,2022,Rural,33810.57855
Wisconsin,2022,Urban,32356.10234
Wisconsin,2022,Total,66166.68089
Wyoming,2022,Rural,6716.98562
Wyoming,2022,Urban,2607.39968
Wyoming,2022,Total,9324.38529
Alabama,2023,Rural,29230.17126
Alabama,2023,Urban,43058.44091
Alabama,2023,Total,72288.61217
Alaska,2023,Rural,2466.99607
Alaska,2023,Urban,3150.2329
Alaska,2023,Total,5617.22898
Arizona,2023,Rural,18119.37446
Arizona,2023,Urban,57178.09349
Arizona,2023,Total,75297.46796
Arkansas,2023,Rural,18854.84847
Arkansas,2023,Urban,20245.99383
Arkansas,2023,Total,39100.84231
California,2023,Rural,59682.01294
California,2023,Urban,256930.32839
California,2023,Total,316612.34132
Colorado,2023,Rural,17160.76568
Colorado,2023,Urban,37493.50378
Colorado,2023,Total,54654.26945
Connecticut,2023,Rural,3113.26111
Connecticut,2023,Urban,27389.32253
Connecticut,2023,Total,30502.58364
Delaware,2023,Rural,2525.25587
Delaware,2023,Urban,7192.4869
Delaware,2023,Total,9717.74276
District of Columbia,2023,Rural,0
District of Columbia,2023,Urban,3480.73633
District of Columbia,2023,Total,3480.73633
Florida,2023,Rural,41895.50547
Florida,2023,Urban,197292.68476
Florida,2023,Total,239188.19023
Georgia,2023,Rural,31938.55945
Georgia,2023,Urban,94400.52049
Georgia,2023,Total,126339.07994
Hawaii,2023,Rural,1838.63938
Hawaii,2023,Urban,8596.71728
Hawaii,2023,Total,10435.35666
Idaho,2023,Rural,11456.83986
Idaho,2023,Urban,8261.4522
Idaho,2023,Total,19718.29206
Illinois,2023,Rural,24830.66591
Illinois,2023,Urban,78040.11928
Illinois,2023,Total,102870.78518
Indiana,2023,Rural,32806.27466
Indiana,2023,Urban,52402.9059
Indiana,2023,Total,85209.18055
Iowa,2023,Rural,20105.97756
Iowa,2023,Urban,13148.04112
Iowa,2023,Total,33254.01868
Kansas,2023,Rural,15274.22521
Kansas,2023,Urban,16553.32305
Kansas,2023,Total,31827.54826
Kentucky,2023,Rural,26620.95863
Kentucky,2023,Urban,22372.38969
Kentucky,2023,Total,48993.34831
Louisiana,2023,Rural,20990.10596
Louisiana,2023,Urban,34570.29599
Louisiana,2023,Total,55560.40195
Maine,2023,Rural,10387.49289
Maine,2023,Urban,4500.66951
Maine,2023,Total,14888.1624
Maryland,2023,Rural,10513.21952
Maryland,2023,Urban,46842.40517
Maryland,2023,Total,57355.6247
Massachusetts,2023,Rural,3122.30096
Massachusetts,2023,Urban,57625.5937
Massachusetts,2023,Total,60747.89466
Michigan,2023,Rural,31402.88984
Michigan,2023,Urban,66885.88902
Michigan,2023,Total,98288.77886
Minnesota,2023,Rural,23572.47711
Minnesota,2023,Urban,34473.64423
Minnesota,2023,Total,58046.12134
Mississippi,2023,Rural,24281.2084
Mississippi,2023,Urban,16663.14552
Mississippi,2023,Total,40944.35392
Missouri,2023,Rural,36368.44879
Missouri,2023,Urban,44456.90188
Missouri,2023,Total,80825.35068
Montana,2023,Rural,9688.7151
Montana,2023,Urban,4011.14605
Montana,2023,Total,13699.86115
Nebraska,2023,Rural,11628.11784
Nebraska,2023,Urban,9646.44957
Nebraska,2023,Total,21274.56741
Nevada,2023,Rural,5858.75168
Nevada,2023,Urban,21917.9414
Nevada,2023,Total,27776.69307
New Hampshire,2023,Rural,5420.04426
New Hampshire,2023,Urban,8094.68623
New Hampshire,2023,Total,13514.73049
New Jersey,2023,Rural,4841.21296
New Jersey,2023,Urban,73165.44295
New Jersey,2023,Total,78006.65592
New Mexico,2023,Rural,17107.56765
New Mexico,2023,Urban,11061.12591
New Mexico,2023,Total,28168.69356
New York,2023,Rural,25133.45275
New York,2023,Urban,94933.86672
New York,2023,Total,120067.31948
North Carolina,2023,Rural,52938.22737
North Carolina,2023,Urban,69319.35764
North Carolina,2023,Total,122257.585
North Dakota,2023,Rural,6850.01522
North Dakota,2023,Urban,3046.00585
North Dakota,2023,Total,9896.02107
Ohio,2023,Rural,34693.01244
Ohio,2023,Urban,78530.71237
Ohio,2023,Total,113223.7248
Oklahoma,2023,Rural,22762.65708
Oklahoma,2023,Urban,22996.98485
Oklahoma,2023,Total,45759.64193
Oregon,2023,Rural,14640.25774
Oregon,2023,Urban,22175.63561
Oregon,2023,Total,36815.89335
Pennsylvania,2023,Rural,32251.00339
Pennsylvania,2023,Urban,67874.59515
Pennsylvania,2023,Total,100125.59854
Rhode Island,2023,Rural,897.79887
Rhode Island,2023,Urban,6666.13004
Rhode Island,2023,Total,7563.92891
South Carolina,2023,Rural,22771.45274
South Carolina,2023,Urban,38022.32669
South Carolina,2023,Total,60793.77943
South Dakota,2023,Rural,7230.41193
South Dakota,2023,Urban,3114.25551
South Dakota,2023,Total,10344.66744
Tennessee,2023,Rural,27691.92094
Tennessee,2023,Urban,55713.05956
Tennessee,2023,Total,83404.9805
Texas,2023,Rural,79555.04829
Texas,2023,Urban,220782.98619
Texas,2023,Total,300338.03448
Utah,2023,Rural,9926.81127
Utah,2023,Urban,24657.42158
Utah,2023,Total,34584.23285
Vermont,2023,Rural,5103.98842
Vermont,2023,Urban,2068.4841
Vermont,2023,Total,7172.47251
Virginia,2023,Rural,26813.91339
Virginia,2023,Urban,60916.27845
Virginia,2023,Total,87730.19184
Washington,2023,Rural,16723.10695
Washington,2023,Urban,43080.677
Washington,2023,Total,59803.78394
West Virginia,2023,Rural,8145.04971
West Virginia,2023,Urban,7817.34054
West Virginia,2023,Total,15962.39025
Wisconsin,2023,Rural,34333.51859
Wisconsin,2023,Urban,32914.87913
Wisconsin,2023,Total,67248.39772
Wyoming,2023,Rural,6995.79554
Wyoming,2023,Urban,2523.06317
Wyoming,2023,Total,9518.85871
Alabama,2024,Rural,29199.90686
Alabama,2024,Urban,43704.02495
Alabama,2024,Total,72903.93182
Alaska,2024,Rural,2353.44357
Alaska,2024,Urban,3149.13536
Alaska,2024,Total,5502.57893
Arizona,2024,Rural,18512.29361
Arizona,2024,Urban,51938.86862
Arizona,2024,Total,70451.16224
Arkansas,2024,Rural,18369.33106
Arkansas,2024,Urban,21003.08023
Arkansas,2024,Total,39372.41129
California,2024,Rural,61141.8441
California,2024,Urban,264817.37374
California,2024,Total,325959.21783
Colorado,2024,Rural,16149.19786
Colorado,2024,Urban,38918.78843
Colorado,2024,Total,55067.98629
Connecticut,2024,Rural,3188.76519
Connecticut,2024,Urban,27758.10118
Connecticut,2024,Total,30946.86637
Delaware,2024,Rural,2719.42257
Delaware,2024,Urban,7217.13008
Delaware,2024,Total,9936.552640000002
District of Columbia,2024,Rural,0
District of Columbia,2024,Urban,3539.34509
District of Columbia,2024,Total,3539.34509
Florida,2024,Rural,40987.59571
Florida,2024,Urban,208486.45453
Florida,2024,Total,249474.05024
Georgia,2024,Rural,37304.67353
Georgia,2024,Urban,84910.98363
Georgia,2024,Total,122215.65717
Hawaii,2024,Rural,1900.30802
Hawaii,2024,Urban,8746.96775
Hawaii,2024,Total,10647.27577
Idaho,2024,Rural,11384.43314
Idaho,2024,Urban,8661.97978
Idaho,2024,Total,20046.41292
Illinois,2024,Rural,24935.17498
Illinois,2024,Urban,79354.99601
Illinois,2024,Total,104290.17099
Indiana,2024,Rural,34001.33821
Indiana,2024,Urban,54229.42004
Indiana,2024,Total,88230.75825
Iowa,2024,Rural,19850.23283
Iowa,2024,Urban,13966.435160000001
Iowa,2024,Total,33816.66799
Kansas,2024,Rural,14828.05672
Kansas,2024,Urban,16841.81651
Kansas,2024,Total,31669.87323
Kentucky,2024,Rural,25754.04963
Kentucky,2024,Urban,23414.3937
Kentucky,2024,Total,49168.44334
Louisiana,2024,Rural,20795.40818
Louisiana,2024,Urban,34313.69425
Louisiana,2024,Total,55109.10243
Maine,2024,Rural,10017.86534
Maine,2024,Urban,5143.07299
Maine,2024,Total,15160.93833
Maryland,2024,Rural,11305.30416
Maryland,2024,Urban,45744.06825
Maryland,2024,Total,57049.37241
Massachusetts,2024,Rural,2825.73999
Massachusetts,2024,Urban,59187.57618
Massachusetts,2024,Total,62013.31618
Michigan,2024,Rural,31042.8157
Michigan,2024,Urban,68618.61031
Michigan,2024,Total,99661.426
Minnesota,2024,Rural,23701.81584
Minnesota,2024,Urban,35479.55702
Minnesota,2024,Total,59181.37286
Mississippi,2024,Rural,24396.54116
Mississippi,2024,Urban,17157.6533
Mississippi,2024,Total,41554.19446
Missouri,2024,Rural,36659.72745
Missouri,2024,Urban,45146.77758
Missouri,2024,Total,81806.50503
Montana,2024,Rural,9799.533270000002
Montana,2024,Urban,4065.44451
Montana,2024,Total,13864.97778
Nebraska,2024,Rural,11656.38107
Nebraska,2024,Urban,10243.35349
Nebraska,2024,Total,21899.73455
Nevada,2024,Rural,5831.72646
Nevada,2024,Urban,22601.29738
Nevada,2024,Total,28433.02383
New Hampshire,2024,Rural,5509.02666
New Hampshire,2024,Urban,8344.60568
New Hampshire,2024,Total,13853.63234
New Jersey,2024,Rural,5363.3216
New Jersey,2024,Urban,74096.46533
New Jersey,2024,Total,79459.78693
New Mexico,2024,Rural,16965.66476
New Mexico,2024,Urban,11678.89925
New Mexico,2024,Total,28644.56402
New York,2024,Rural,25559.17733
New York,2024,Urban,95310.04461
New York,2024,Total,120869.22193
North Carolina,2024,Rural,51014.04092
North Carolina,2024,Urban,79994.31785
North Carolina,2024,Total,131008.35877
North Dakota,2024,Rural,6785.59396
North Dakota,2024,Urban,3244.15279
North Dakota,2024,Total,10029.74675
Ohio,2024,Rural,34380.37106
Ohio,2024,Urban,81655.92182
Ohio,2024,Total,116036.29288
Oklahoma,2024,Rural,22838.58017
Oklahoma,2024,Urban,23617.66523
Oklahoma,2024,Total,46456.2454
Oregon,2024,Rural,15298.49595
Oregon,2024,Urban,22100.39332
Oregon,2024,Total,37398.88926
Pennsylvania,2024,Rural,34900.95489
Pennsylvania,2024,Urban,60293.06786
Pennsylvania,2024,Total,95194.02275
Rhode Island,2024,Rural,796.67688
Rhode Island,2024,Urban,6859.18908
Rhode Island,2024,Total,7655.86596
South Carolina,2024,Rural,23340.92765
South Carolina,2024,Urban,38701.16772
South Carolina,2024,Total,62042.09537
South Dakota,2024,Rural,7274.77451
South Dakota,2024,Urban,3175.36923
South Dakota,2024,Total,10450.14375
Tennessee,2024,Rural,29647.12144
Tennessee,2024,Urban,49257.30207
Tennessee,2024,Total,78904.4235
Texas,2024,Rural,82697.32328
Texas,2024,Urban,225763.41198
Texas,2024,Total,308460.73526
Utah,2024,Rural,10199.62344
Utah,2024,Urban,25960.60969
Utah,2024,Total,36160.23313
Vermont,2024,Rural,5228.26271
Vermont,2024,Urban,1979.9974
Vermont,2024,Total,7208.26011
Virginia,2024,Rural,26676.96072
Virginia,2024,Urban,61834.1641
Virginia,2024,Total,88511.12482
Washington,2024,Rural,16830.98819
Washington,2024,Urban,43724.13402
Washington,2024,Total,60555.12222
West Virginia,2024,Rural,9792.12524
West Virginia,2024,Urban,7421.63625
West Virginia,2024,Total,17213.7615
Wisconsin,2024,Rural,36000.4943
Wisconsin,2024,Urban,33225.27654
Wisconsin,2024,Total,69225.77084
Wyoming,2024,Rural,7131.67597
Wyoming,2024,Urban,2587.91934
Wyoming,2024,Total,9719.59531
United States,2018,Rural,978801.8465192347
United States,2018,Urban,2261524.6961161653
United States,2018,Total,3240326.5426354
United States,2019,Rural,983852.5861201045
United States,2019,Urban,2277919.0767212096
United States,2019,Total,3261771.662841316
United States,2020,Rural,903526.81556
United States,2020,Urban,2000094.7108800001
United States,2020,Total,2903621.5263800006
United States,2021,Rural,984281.0561099999
United States,2021,Urban,2148130.442899999
United States,2021,Total,3132411.4989900007
United States,2022,Rural,1025710.7578000001
United States,2022,Urban,2170480.63864
United States,2022,Total,3196191.3964400003
United States,2023,Rural,1008560.3275799999
United States,2023,Urban,2238256.69011
United States,2023,Total,3246817.01765
United States,2024,Rural,1024845.1078400001
United States,2024,Urban,2269186.1112100007
United States,2024,Total,3294031.219059999
