state_abb,year,fars_deaths,wonder_deaths
AK,2021,70,84
AL,2021,983,1035
AR,2021,692,697
AZ,2021,1192,1330
CA,2021,4513,4868
CO,2021,691,731
CT,2021,303,318
DC,2021,41,57
DE,2021,136,143
FL,2021,3741,3820
GA,2021,1809,1922
HI,2021,94,93
IA,2021,356,353
ID,2021,273,288
IL,2021,1334,1428
IN,2021,932,969
KS,2021,423,447
KY,2021,806,786
LA,2021,971,1004
MA,2021,413,447
MD,2021,563,641
ME,2021,153,172
MI,2021,1137,1302
MN,2021,488,556
MO,2021,1016,1009
MS,2021,766,836
MT,2021,239,243
NC,2021,1693,1867
ND,2021,101,113
NE,2021,221,242
NH,2021,118,131
NJ,2021,692,702
NM,2021,483,463
NV,2021,385,399
NY,2021,1156,1333
OH,2021,1354,1452
OK,2021,762,807
OR,2021,599,584
PA,2021,1230,1312
RI,2021,63,78
SC,2021,1198,1207
SD,2021,148,165
TN,2021,1327,1391
TX,2021,4500,4444
UT,2021,332,331
VA,2021,973,997
VT,2021,74,67
WA,2021,674,733
WI,2021,620,638
WV,2021,282,276
WY,2021,110,93
AK,2022,82,98
AL,2022,988,1005
AR,2022,637,618
AZ,2022,1320,1324
CA,2022,4539,4923
CO,2022,764,815
CT,2022,366,382
DC,2022,32,59
DE,2022,162,152
FL,2022,3548,3603
GA,2022,1796,1853
HI,2022,116,112
IA,2022,336,360
ID,2022,215,252
IL,2022,1268,1311
IN,2022,976,979
KS,2022,410,441
KY,2022,744,750
LA,2022,906,925
MA,2022,435,470
MD,2022,566,613
ME,2022,182,191
MI,2022,1124,1172
MN,2022,444,512
MO,2022,1057,1069
MS,2022,703,742
MT,2022,215,216
NC,2022,1631,1799
ND,2022,98,105
NE,2022,244,272
NH,2022,146,149
NJ,2022,689,697
NM,2022,466,474
NV,2022,417,427
NY,2022,1182,1317
OH,2022,1274,1348
OK,2022,710,753
OR,2022,602,594
PA,2022,1179,1283
RI,2022,52,73
SC,2022,1094,1112
SD,2022,137,158
TN,2022,1313,1305
TX,2022,4408,4472
UT,2022,319,310
VA,2022,1006,1053
VT,2022,76,79
WA,2022,743,816
WI,2022,604,621
WV,2022,266,269
WY,2022,134,101
AK,2023,61,83
AL,2023,974,1057
AR,2023,596,625
AZ,2023,1308,1296
CA,2023,4169,4619
CO,2023,720,775
CT,2023,308,321
DC,2023,44,55
DE,2023,135,147
FL,2023,3375,3534
GA,2023,1610,1785
HI,2023,93,98
IA,2023,379,397
ID,2023,275,305
IL,2023,1241,1299
IN,2023,904,942
KS,2023,387,394
KY,2023,814,834
LA,2023,811,824
MA,2023,342,420
MD,2023,621,634
ME,2023,135,134
MI,2023,1096,1189
MN,2023,402,446
MO,2023,991,1004
MS,2023,733,803
MT,2023,208,203
NC,2023,1577,1751
ND,2023,106,107
NE,2023,227,265
NH,2023,127,132
NJ,2023,605,645
NM,2023,440,465
NV,2023,406,429
NY,2023,1117,1243
OH,2023,1242,1344
OK,2023,711,727
OR,2023,587,549
PA,2023,1211,1291
RI,2023,71,71
SC,2023,1047,1068
SD,2023,140,140
TN,2023,1323,1321
TX,2023,4294,4354
UT,2023,280,289
VA,2023,914,943
VT,2023,69,71
WA,2023,809,867
WI,2023,586,620
WV,2023,260,269
WY,2023,144,89
AK,2024,70,86
AL,2024,962,1032
AR,2024,603,605
AZ,2024,1229,1168
CA,2024,3876,4275
CO,2024,689,749
CT,2024,310,333
DC,2024,47,46
DE,2024,126,138
FL,2024,3138,3263
GA,2024,1403,1502
HI,2024,102,109
IA,2024,356,372
ID,2024,238,249
IL,2024,1177,1243
IN,2024,832,887
KS,2024,339,364
KY,2024,707,697
LA,2024,752,776
MA,2024,363,414
MD,2024,578,639
ME,2024,177,162
MI,2024,1098,1143
MN,2024,477,535
MO,2024,955,958
MS,2024,753,793
MT,2024,206,202
NC,2024,1619,1737
ND,2024,90,101
NE,2024,251,259
NH,2024,133,147
NJ,2024,670,704
NM,2024,409,450
NV,2024,417,408
NY,2024,1101,1292
OH,2024,1157,1251
OK,2024,645,730
OR,2024,538,498
PA,2024,1127,1200
RI,2024,52,64
SC,2024,1038,1016
SD,2024,146,151
TN,2024,1197,1230
TX,2024,4160,4240
UT,2024,277,266
VA,2024,917,983
VT,2024,59,55
WA,2024,730,772
WI,2024,595,600
WV,2024,256,263
WY,2024,107,84
