Category,"Deaths 2021, N",2021 rate (95% UI),"Deaths 2024, N",2024 rate (95% UI),Rate change (95% UI)
Total (crude rate),"43,230","13.02 (12.86, 13.18)","39,254","11.54 (11.40, 11.68)","-1.48 (-1.69, -1.26)"
Behavioral risk factors,"22,724","6.84 (6.72, 6.96)","19,685","5.79 (5.69, 5.89)","-1.06 (-1.21, -0.90)"
    Speed-only,"4,063","1.22 (1.17, 1.27)","3,943","1.16 (1.11, 1.21)","-0.06 (-0.13, 0.00)"
    Alcohol-only,"2,685","0.81 (0.77, 0.85)","2,451","0.72 (0.69, 0.76)","-0.09 (-0.14, -0.03)"
    Unrestrained-only,"6,000","1.81 (1.75, 1.87)","4,880","1.43 (1.39, 1.48)","-0.37 (-0.45, -0.29)"
    Speed and Alcohol,"2,003","0.60 (0.57, 0.64)","1,764","0.52 (0.49, 0.55)","-0.08 (-0.13, -0.04)"
    Speed and Unrestrained,"2,916","0.88 (0.84, 0.92)","2,359","0.69 (0.66, 0.73)","-0.18 (-0.24, -0.13)"
    Alcohol and Unrestrained,"2,851","0.86 (0.82, 0.90)","2,346","0.69 (0.66, 0.72)","-0.17 (-0.22, -0.12)"
    All three flagged,"2,206","0.66 (0.63, 0.70)","1,942","0.57 (0.54, 0.60)","-0.09 (-0.14, -0.05)"
No behavioral risk factor flagged,"9,515","2.87 (2.79, 2.94)","8,883","2.61 (2.55, 2.68)","-0.25 (-0.35, -0.15)"
Other road users,"10,991","3.31 (3.23, 3.39)","10,686","3.14 (3.07, 3.21)","-0.17 (-0.27, -0.06)"
    Pedestrian,"7,470","2.25 (2.19, 2.31)","7,080","2.08 (2.02, 2.14)","-0.17 (-0.25, -0.08)"
    Bicyclist,976,"0.29 (0.27, 0.32)","1,103","0.32 (0.30, 0.35)","+0.03 (-0.00, 0.06)"
    Other (truck/bus/ATV/etc.),"2,545","0.77 (0.73, 0.80)","2,503","0.74 (0.70, 0.77)","-0.03 (-0.08, 0.02)"
