Component,Primary,Fixed VMT,Worst-case VMT,Coarser grain,EB dispersion,Poisson
Crude mortality rates,,,,,,
    2021,"13.02 (12.86, 13.18)","13.02 (12.86, 13.18)","13.02 (12.86, 13.18)","13.02 (12.81, 13.23)","13.02 (12.87, 13.16)","13.02 (12.89, 13.14)"
    2024,"11.54 (11.40, 11.68)","11.54 (11.40, 11.68)","11.54 (11.40, 11.68)","11.54 (11.37, 11.72)","11.54 (11.41, 11.67)","11.54 (11.43, 11.66)"
    Rate change,"-1.48 (-1.69, -1.26)","-1.48 (-1.69, -1.26)","-1.48 (-1.69, -1.26)","-1.48 (-1.75, -1.20)","-1.48 (-1.67, -1.28)","-1.48 (-1.64, -1.31)"
National decomposition,,,,,,
    VMT effect,"+0.33 (+0.28, +0.39)","+0.33 (+0.33, +0.34)","+0.33 (-0.20, +0.87)","+0.33 (+0.27, +0.39)","+0.33 (+0.28, +0.39)","+0.33 (+0.28, +0.39)"
    Per-mile risk effect,"-1.81 (-2.03, -1.59)","-1.81 (-2.02, -1.60)","-1.81 (-2.39, -1.23)","-1.81 (-2.09, -1.53)","-1.81 (-2.01, -1.61)","-1.81 (-1.99, -1.63)"
Behavioral risk factors,"-1.23 (-1.38, -1.07)","-1.23 (-1.38, -1.07)","-1.23 (-1.55, -0.91)","-1.23 (-1.44, -1.01)","-1.23 (-1.37, -1.08)","-1.23 (-1.35, -1.10)"
    Speed-only,"-0.10 (-0.16, -0.03)","-0.10 (-0.16, -0.03)","-0.10 (-0.18, -0.01)","-0.10 (-0.20, +0.00)","-0.10 (-0.16, -0.03)","-0.10 (-0.15, -0.04)"
    Alcohol-only,"-0.11 (-0.16, -0.06)","-0.11 (-0.16, -0.06)","-0.11 (-0.17, -0.05)","-0.11 (-0.17, -0.04)","-0.11 (-0.16, -0.06)","-0.11 (-0.15, -0.07)"
    Unrestrained-only,"-0.42 (-0.50, -0.34)","-0.42 (-0.50, -0.34)","-0.42 (-0.52, -0.31)","-0.42 (-0.54, -0.30)","-0.42 (-0.49, -0.34)","-0.42 (-0.48, -0.35)"
    Speed and Alcohol,"-0.10 (-0.15, -0.05)","-0.10 (-0.15, -0.05)","-0.10 (-0.15, -0.05)","-0.10 (-0.16, -0.04)","-0.10 (-0.14, -0.06)","-0.10 (-0.14, -0.06)"
    Speed and Unrestrained,"-0.21 (-0.26, -0.15)","-0.21 (-0.26, -0.15)","-0.21 (-0.27, -0.14)","-0.21 (-0.27, -0.14)","-0.21 (-0.26, -0.16)","-0.21 (-0.25, -0.16)"
    Alcohol and Unrestrained,"-0.19 (-0.24, -0.14)","-0.19 (-0.24, -0.14)","-0.19 (-0.25, -0.13)","-0.19 (-0.27, -0.11)","-0.19 (-0.24, -0.14)","-0.19 (-0.23, -0.15)"
    All three flagged,"-0.11 (-0.16, -0.06)","-0.11 (-0.16, -0.06)","-0.11 (-0.17, -0.06)","-0.11 (-0.17, -0.06)","-0.11 (-0.15, -0.07)","-0.11 (-0.15, -0.07)"
No behavioral risk factor flagged,"-0.33 (-0.43, -0.23)","-0.33 (-0.43, -0.23)","-0.33 (-0.48, -0.17)","-0.33 (-0.46, -0.20)","-0.33 (-0.42, -0.23)","-0.33 (-0.41, -0.25)"
Other road users,"-0.26 (-0.36, -0.15)","-0.26 (-0.36, -0.15)","-0.25 (-0.43, -0.08)","-0.26 (-0.37, -0.14)","-0.26 (-0.36, -0.16)","-0.26 (-0.34, -0.17)"
    Pedestrian,"-0.23 (-0.31, -0.14)","-0.23 (-0.31, -0.14)","-0.23 (-0.35, -0.10)","-0.23 (-0.33, -0.12)","-0.23 (-0.31, -0.14)","-0.23 (-0.30, -0.16)"
    Bicyclist,"+0.02 (-0.01, +0.05)","+0.02 (-0.01, +0.05)","+0.02 (-0.01, +0.06)","+0.02 (-0.01, +0.06)","+0.02 (-0.01, +0.05)","+0.02 (-0.00, +0.05)"
    Other (truck/bus/ATV/etc.),"-0.05 (-0.10, +0.00)","-0.05 (-0.10, +0.00)","-0.05 (-0.11, +0.01)","-0.05 (-0.10, -0.00)","-0.05 (-0.10, -0.00)","-0.05 (-0.09, -0.01)"
