Component,Contribution to rate change (95% UI),% of per-mile risk component
Total crude rate change,"-1.48 (-1.69, -1.26)",—
    VMT component,"+0.33 (0.28, 0.39)",—
    Per-mile risk component,"-1.81 (-2.03, -1.59)",100.0%
,,
Per-mile risk components,,
    Behavioral risk factors,"-1.23 (-1.38, -1.07)",67.8%
        Speed-only,"-0.10 (-0.16, -0.03)",5.3%
        Alcohol-only,"-0.11 (-0.16, -0.06)",6.0%
        Unrestrained-only,"-0.42 (-0.50, -0.34)",23.0%
        Speed and Alcohol,"-0.10 (-0.15, -0.05)",5.5%
        Speed and Unrestrained,"-0.21 (-0.26, -0.15)",11.4%
        Alcohol and Unrestrained,"-0.19 (-0.24, -0.14)",10.5%
        All three flagged,"-0.11 (-0.16, -0.06)",6.1%
    No behavioral risk factor flagged,"-0.33 (-0.43, -0.23)",18.1%
    Other road users,"-0.26 (-0.36, -0.15)",14.1%
        Pedestrian,"-0.23 (-0.31, -0.14)",12.5%
        Bicyclist,"+0.02 (-0.01, 0.05)",-1.2%
        Other (truck/bus/ATV/etc.),"-0.05 (-0.10, 0.00)",2.8%
